{
  "$schema": "https://schema.management.azure.com/schemas/2019-04-01/deploymentTemplate.json#",
  "contentVersion": "1.0.0.0",
  "parameters": {
    "location": {
      "type": "string",
      "defaultValue": "[resourceGroup().location]",
      "metadata": {
        "description": "Location for the resources."
      }
    },
    "instanceType": {
      "type": "string",
      "defaultValue": "Standard_B1ms",
      "minLength": 1,
      "metadata": {
        "description": "Azure instance type, see https://docs.microsoft.com/en-us/azure/virtual-machines/windows/sizes."
      }
    },
    "clientIPAddress": {
      "type": "string",
      "minLength": 1,
      "metadata": {
        "description": "The IP address range that can be used access the license manager. This must be a valid IP CIDR range of the form x.x.x.x/x. Use the value &lt;your_public_ip_address&gt;/32 to restrict access to only your computer."
      }
    },
    "adminUsername": {
      "defaultValue": "manager",
      "minLength": 7,
      "type": "String",
      "metadata": {
        "description": "Admin username, this is used to login to the Network License Manager for MATLAB dashboard."
      }
    },
    "adminPassword": {
      "type": "securestring",
      "metadata": {
        "description": "Admin password for the chosen username. This is used to login to the Network License Manager for MATLAB dashboard."
      }
    },
    "virtualNetworkResourceID": {
      "type": "string",
      "metadata": {
        "description": "The Resource ID of an existing virtual network to deploy your server into. Specify this parameter only when deploying with the Existing Virtual Network option."
      }
    },
    "subnetName": {
      "type": "string",
      "metadata": {
        "description": "The name of an existing subnet within your virtual network to deploy your server into. Specify this parameter only when deploying with the Existing Virtual Network option."
      }
    },
    "virtualNetworkNewOrExisting": {
      "type": "string",
      "defaultValue": "new",
      "metadata": {
        "description": "Determines whether a new or existing virtual network should be provisioned."
      }
    }
  },
  "variables": {
    "namingPrefix": "netlm",
    "artifactsBase": "C:/Windows/Temp/",
    "addressPrefix": "10.0.0.0/16",
    "subnetPrefix": "10.0.0.0/24",
    "newOrExistingVirtualNetwork": "[parameters('virtualNetworkNewOrExisting')]",
    "virtualNetworkName": "[last(split(parameters('virtualNetworkResourceID'),'/'))]",
    "subnetRef": "[resourceId('Microsoft.Network/virtualNetworks/subnets', variables('virtualNetworkName'), parameters('subnetName'))]",
    "subnetId": "[if(equals(variables('newOrExistingVirtualNetwork'),'new'),variables('subnetRef'),concat(parameters('virtualNetworkResourceID'), '/subnets/', parameters('subnetName')))]",
    "cuaTrackingNum": "pid-3519fce2-01d2-4019-90dc-b6566eacbe89-partnercenter",
    "serverMachineName": "[concat(take(variables('namingPrefix'), 8), '-server')]",
    "publisher": "mathworks-inc",
    "offer": "license-manager-ref-arch-win",
    "sku": "license-manager-ref-arch-win-sku-r2023b",
    "version": "latest",
    "imageReference": {
      "publisher": "[variables('publisher')]",
      "offer": "[variables('offer')]",
      "sku": "[variables('sku')]",
      "version": "[variables('version')]"
    },
    "plan": {
      "name": "[variables('sku')]",
      "publisher": "[variables('publisher')]",
      "product": "[variables('offer')]"
    },
    "serverIPName": "[concat(variables('serverMachineName'), '-ip')]",
    "dnsLabelPrefix": "[concat('azure-', uniqueString(resourceGroup().id))]",
    "publicIpTimeout": "20",
    "networkSecurityGroupName": "[concat(variables('namingPrefix'), '-nsg')]",
    "serverNICName": "[concat(variables('serverMachineName'), '-nic')]",
    "serverIPConfigName": "[concat(variables('serverMachineName'), '-ipconfig')]",
    "scriptsUrl": "C:/Windows/Temp/",
    "startScript": "startserver.ps1",
    "fileUris": [
      "[concat(variables('scriptsUrl'), variables('startScript'))]"
    ],
    "scriptExe": "[concat(variables('artifactsBase'), variables('startScript'))]",
    "installCommand": "[concat('powershell -ExecutionPolicy Unrestricted -File ', variables('scriptExe'))]",
    "tagsForAll": {
      "provider": "[variables('cuaTrackingNum')]"
    }
  },
  "resources": [
    {
      "name": "[variables('virtualNetworkName')]",
      "type": "Microsoft.Network/virtualNetworks",
      "apiVersion": "2022-05-01",
      "location": "[parameters('location')]",
      "tags": "[variables('tagsForAll')]",
      "properties": {
        "addressSpace": {
          "addressPrefixes": [
            "[variables('addressPrefix')]"
          ]
        },
        "subnets": [
          {
            "name": "[parameters('subnetName')]",
            "properties": {
              "addressPrefix": "[variables('subnetPrefix')]"
            }
          }
        ]
      },
      "condition": "[equals(variables('newOrExistingVirtualNetwork'),'new')]"
    },
    {
      "name": "[variables('serverIPName')]",
      "type": "Microsoft.Network/publicIPAddresses",
      "apiVersion": "2022-05-01",
      "location": "[parameters('location')]",
      "tags": "[variables('tagsForAll')]",
      "properties": {
        "publicIPAllocationMethod": "Static",
        "dnsSettings": {
          "domainNameLabel": "[concat(variables('serverMachineName'), variables('dnsLabelPrefix'))]"
        },
        "idleTimeoutInMinutes": "[variables('publicIpTimeout')]"
      }
    },
    {
      "name": "[variables('networkSecurityGroupName')]",
      "type": "Microsoft.Network/networkSecurityGroups",
      "apiVersion": "2022-05-01",
      "location": "[parameters('location')]",
      "dependsOn": [
        "[resourceId('Microsoft.Network/virtualNetworks', variables('virtualNetworkName'))]"
      ],
      "tags": "[variables('tagsForAll')]",
      "properties": {
        "securityRules": [
          {
            "name": "default-allow-rdp",
            "properties": {
              "priority": 1000,
              "sourceAddressPrefix": "[parameters('clientIPAddress')]",
              "protocol": "Tcp",
              "destinationPortRange": "3389",
              "access": "Allow",
              "direction": "Inbound",
              "sourcePortRange": "*",
              "destinationAddressPrefix": "*"
            }
          },
          {
            "name": "allow-https",
            "properties": {
              "priority": 1010,
              "sourceAddressPrefix": "[parameters('clientIPAddress')]",
              "protocol": "Tcp",
              "destinationPortRange": "443",
              "access": "Allow",
              "direction": "Inbound",
              "sourcePortRange": "*",
              "destinationAddressPrefix": "*"
            }
          },
          {
            "name": "allow-netlm",
            "properties": {
              "priority": 1020,
              "sourceAddressPrefix": "[parameters('clientIPAddress')]",
              "protocol": "Tcp",
              "destinationPortRange": "27000-27010",
              "access": "Allow",
              "direction": "Inbound",
              "sourcePortRange": "*",
              "destinationAddressPrefix": "*"
            }
          },
          {
            "name": "allow-internal-traffic",
            "properties": {
              "priority": 1030,
              "sourceAddressPrefix": "VirtualNetwork",
              "protocol": "Tcp",
              "destinationPortRange": "*",
              "access": "Allow",
              "direction": "Inbound",
              "sourcePortRange": "*",
              "destinationAddressPrefix": "VirtualNetwork"
            }
          },
          {
            "name": "allow-ssh",
            "properties": {
              "description": "allow-ssh",
              "protocol": "TCP",
              "sourcePortRange": "*",
              "destinationPortRange": "22",
              "sourceAddressPrefix": "[parameters('clientIPAddress')]",
              "destinationAddressPrefix": "*",
              "access": "Allow",
              "priority": 1040,
              "direction": "Inbound"
            }
          }
        ]
      }
    },
    {
      "name": "[variables('serverNICName')]",
      "type": "Microsoft.Network/networkInterfaces",
      "apiVersion": "2022-05-01",
      "location": "[parameters('location')]",
      "dependsOn": [
        "[resourceId('Microsoft.Network/publicIpAddresses', variables('serverIPName'))]",
        "[resourceId('Microsoft.Network/networkSecurityGroups', variables('networkSecurityGroupName'))]"
      ],
      "tags": "[variables('tagsForAll')]",
      "properties": {
        "ipConfigurations": [
          {
            "name": "[variables('serverIPConfigName')]",
            "properties": {
              "subnet": {
                "id": "[variables('subnetId')]"
              },
              "privateIPAllocationMethod": "Dynamic",
              "publicIpAddress": {
                "id": "[resourceId('Microsoft.Network/publicIpAddresses', variables('serverIPName'))]"
              }
            }
          }
        ],
        "networkSecurityGroup": {
          "id": "[resourceId('Microsoft.Network/networkSecurityGroups', variables('networkSecurityGroupName'))]"
        }
      }
    },
    {
      "name": "[variables('serverMachineName')]",
      "type": "Microsoft.Compute/virtualMachines",
      "apiVersion": "2022-08-01",
      "location": "[parameters('location')]",
      "dependsOn": [
        "[resourceId('Microsoft.Network/networkInterfaces', variables('serverNICName'))]"
      ],
      "tags": "[variables('tagsForAll')]",
      "plan": "[variables('plan')]",
      "properties": {
        "osProfile": {
          "computerName": "[variables('serverMachineName')]",
          "adminUsername": "[parameters('adminUsername')]",
          "adminPassword": "[parameters('adminPassword')]",
          "windowsConfiguration": {
            "provisionVmAgent": "true"
          }
        },
        "hardwareProfile": {
          "vmSize": "[parameters('instanceType')]"
        },
        "storageProfile": {
          "imageReference": "[variables('imageReference')]",
          "osDisk": {
            "createOption": "fromImage",
            "managedDisk": {
              "storageAccountType": "Premium_LRS"
            }
          }
        },
        "networkProfile": {
          "networkInterfaces": [
            {
              "id": "[resourceId('Microsoft.Network/networkInterfaces', variables('serverNICName'))]"
            }
          ]
        }
      }
    },
    {
      "name": "[concat(variables('serverMachineName'), '/Installation')]",
      "type": "Microsoft.Compute/virtualMachines/extensions",
      "apiVersion": "2022-08-01",
      "location": "[parameters('location')]",
      "dependsOn": [
        "[resourceId('Microsoft.Compute/virtualMachines', variables('serverMachineName'))]"
      ],
      "tags": "[variables('tagsForAll')]",
      "properties": {
        "publisher": "Microsoft.Compute",
        "type": "CustomScriptExtension",
        "typeHandlerVersion": "1.5",
        "autoUpgradeMinorVersion": true,
        "settings": {
          "fileUris": "[variables('fileUris')]"
        },
        "protectedSettings": {
          "commandToExecute": "[concat(variables('installCommand'),' -DNS ', reference(variables('serverIPName')).dnsSettings.fqdn)]"
        }
      }
    },
    {
      "name": "pid-3519fce2-01d2-4019-90dc-b6566eacbe89-partnercenter",
      "type": "Microsoft.Resources/deployments",
      "apiVersion": "2021-04-01",
      "dependsOn": [
        "[resourceId('Microsoft.Compute/virtualMachines', variables('serverMachineName'))]"
      ],
      "properties": {
        "mode": "Incremental",
        "template": {
          "$schema": "https://schema.management.azure.com/schemas/2015-01-01/deploymentTemplate.json#",
          "contentVersion": "1.0.0.0",
          "resources": []
        }
      }
    }
  ],
  "outputs": {
    "NetworkLicenseManagerAddress": {
      "value": "[concat('https://', reference(variables('serverIPName')).dnsSettings.fqdn)]",
      "type": "string"
    }
  }
}